1,?,?,?
2,Cambodia,Asia,Non-US
3,Canada,North America,Non-US
4,China,Asia,Non-US
5,Columbia,Asia,Non-US
6,Cuba,South America,Non-US
7,Dominican-Republic,South America,Non-US
8,Ecuador,South America,Non-US
9,El-Salvador,North America,Non-US
10,England,Europe,Non-US
11,France,Europe,Non-US
12,Germany,Europe,Non-US
13,Greece,Europe,Non-US
14,Guatemala,North America,Non-US
15,Haiti,North America,Non-US
16,Holand-Netherlands,Europe,Non-US
17,Honduras,North America,Non-US
18,Hong,?,Non-US
19,Hungary,Europe,Non-US
20,India,Asia,Non-US
21,Iran,Europe,Non-US
22,Ireland,Europe,Non-US
23,Italy,Europe,Non-US
24,Jamaica,North America,Non-US
25,Japan,Asia,Non-US
26,Laos,Asia,Non-US
27,Mexico,North America,Non-US
28,Nicaragua,North America,Non-US
29,Outlying-US(Guam-USVI-etc),North America,Non-US
30,Peru,South America,Non-US
31,Philippines,Asia,Non-US
32,Poland,Europe,Non-US
33,Portugal,Europe,Non-US
34,Puerto-Rico,North America,Non-US
35,Scotland,Europe,Non-US
36,South,?,Non-US
37,Taiwan,Asia,Non-US
38,Thailand,Asia,Non-US
39,Trinadad&Tobago,North America,Non-US
40,United-States,North America,US
41,Vietnam,Asia,Non-US
42,Yugoslavia,Europe,Non-US
